name,lat,lon,elev,no_sites,Current Conditions,Reservations,Fees,Open Season,Usage,Restrictions,Closest Towns,Water,Restroom,url,Passes,Operated By,Information Center,Permit Info,Operational Hours,Area Amenities,Best Season,restroom2,water2
Badger Lake Campground,45.30496,-121.55537,4400,4,11/15/2017: CLOSED. Expect snow on the road and in the campground.,No reservations,Free,June,Light,Wilderness regulations apply. Motorized boats are prohibited in Badger Lake.,"Wamic, OR",No,Vault Toilet ,https://www.fs.usda.gov/recarea/mthood/recreation/camping-cabins/recarea/?recid=52784&actid=29,NA,NA,NA,NA,NA,NA,NA,vault,no
Bear Springs Group Campground,45.11665,-121.53091,3200,NA,"Open for the season, no services are provided - you must pack in/pack out.",This site can be reserved by calling Toll Free 1-877-444-6777 (International 518-885-3639 or TDD 877-833-6777) OR online at http://www.recreation.gov/,"Camping:

	$17/night for single site, $8/extra vehicle
		$51-$76/night for group site
	
	Day Use: $5/day/vehicle","May 18, 2018 - Sep 30, 2018",Medium,NA,"Maupin, OR",Potable Water,Vault Toilet ,https://www.fs.usda.gov/recarea/mthood/recreation/camping-cabins/recarea/?recid=52786&actid=29,"Camping: 50% discount for single site camping with any of these passes: Interagency Senior, Interagency Access, Golden Age or Golden Access.
	Day Use: Recreation passes may be used as a form of fee payment.",Concessionaire,"Barlow Ranger District, Dufur Ranger StationRecreation.gov",NA,NA,NA,NA,vault,potable water
Bonney Crossing Campground,45.257,-121.39205,2200,6,Will open on May 25 for the 2018 season.,No reservations,"Camping: $12/night for single unit, $5/night for extra vehicle
	Day use: $5/day/vehicle","May 25, 2018",Medium,"Vehicles 16 ft. max. All mechanized vehicles prohibited in the wilderness, including game carts and mountain bikes.","Wamic, OR",No,Vault Toilet ,https://www.fs.usda.gov/recarea/mthood/recreation/camping-cabins/recarea/?recid=52790&actid=29,"Camping: 50% discount for single site camping with any of these passes: Interagency Senior, Interagency Access, Golden Age or Golden Access.
	Day use: Recreation passes may be used as a form of fee payment.",Concessionaire,Barlow Ranger District,NA,NA,NA,NA,vault,no
Bonney Meadow Campground,45.26548,-121.58286,4800,6,"Closed for the season. The road is primitive and rough, high clearance vehicles are recommended.",No reservations,Free,June,Light,Vehicles 16 ft. max,"Maupin, OR",No,Vault Toilet ,https://www.fs.usda.gov/recarea/mthood/recreation/camping-cabins/recarea/?recid=52792&actid=29,NA,Concessionaire,NA,NA,NA,NA,NA,vault,no
Clear Creek Crossing Campground,45.14641,-121.58593,3600,7,"Closed for the season, no services are provided - you must pack in/pack out",No reservations,"Camping: $12/night for single site, $8/extra vehicle
	Day use: $5/day/vehicle","May 25, 2018 - Sep 09, 2018",Light-Medium,Vehicles 16 ft. max,"Pine Grove, OR",No,Vault Toilet ,https://www.fs.usda.gov/recarea/mthood/recreation/camping-cabins/recarea/?recid=52800&actid=29,"Camping: 50% discount for single site camping with any of these passes: Interagency Senior, Interagency Access, Golden Age or Golden Access.
	Day Use: Recreation passes may be used as a form of fee payment.",Concessionaire,NA,NA,NA,NA,NA,vault,no
Eightmile Campground,45.40625,-121.45793,4200,21,NA,No reservations,"Camping: $12/night for single site, $8/extra vehicle
	Day use: $5/day/vehicle","May 15, 2018 - Oct. 15, 2018",Medium,Vehicles 30 ft. max,"Dufur, OR",No,Vault Toilet  ,https://www.fs.usda.gov/recarea/mthood/recreation/camping-cabins/recarea/?recid=52806&actid=29,"Camping: 50% discount for single site camping with any of these passes: Interagency Senior, Interagency Access, Golden Age or Golden Access.
	Day use: Recreation passes may be used as a form of fee payment.",Concessionaire,NA,NA,NA,NA,NA,vault,no
Fifteenmile Campground,45.3505,-121.4729,4e3,3,11/15/2017 Expect snow at the campground and on the access roads.  No services provided.,No reservations,Free,06/01,Light,"Vehicles 16 ft. max. All mechanized vehicles prohibited in the wilderness, including game carts and mountain bikes.","Dufur, OR",No,Vault Toilet ,https://www.fs.usda.gov/recarea/mthood/recreation/camping-cabins/recarea/?recid=52812&actid=29,NA,Forest Service,NA,NA,NA,NA,NA,vault,no
Forest Creek Campground,45.17979,-121.52461,3e3,8,"Closed for the season, no services are provided - you must pack in/pack out. Seasonal road closure in effect from December 1st to April 1st",No reservations,"Camping: $12/night for single site, $8/night for extra vehicle
	Day use: $5/day/vehicle","May 25, 2018 - Sep 03, 2018",Light,Vehicles 16 ft. max.,"Wamic, OR",No,Vault Toilet ,https://www.fs.usda.gov/recarea/mthood/recreation/camping-cabins/recarea/?recid=52818&actid=29,"Camping: 50% discount for single site camping with any of these passes: Interagency Senior, Interagency Access, Golden Age or Golden Access.
	Day use: Recreation passes may be used as a form of fee payment.",Concessionaire,NA,NA,NA,NA,NA,vault,no
Keeps Mill Campground,45.15395,-121.5204,2600,5,"Open on a first come, first serve basis.  Primitive road requires high clearance vehicles.",No reservations,Free camping.,June,Light,Check Oregon fishing regulations for specific restrictions on fishing the White River.,"Maupin, OR",No,Vault Toilet ,https://www.fs.usda.gov/recarea/mthood/recreation/camping-cabins/recarea/?recid=52824&actid=29,NA,Concessionaire,NA,NA,NA,NA,NA,vault,no
Knebal Springs Campground,45.43583,-121.48022022,4e3,8,NA,No reservations,"Camping: $12/night for single unit, $8/night for extra vehicle
	Day use: $5/day/vehicle","May 15, 2018 - Oct. 15, 2018",Light,Vehicles 22 ft. max.,"Dufur, OR",No,Vault Toilet ,https://www.fs.usda.gov/recarea/mthood/recreation/camping-cabins/recarea/?recid=52826&actid=29,"Camping: 50% discount for single site camping with any of these passes: Interagency Senior, Interagency Access, Golden Age or Golden Access.
	Day use: Recreation passes may be used as a form of fee payment.",Concessionaire,NA,NA,NA,NA,NA,vault,no
Little Badger Campground,45.2817,-121.3462,2700,3,NA,No reservations,Free,May 15,Light,"Vehicles 16 ft. max. All mechanized vehicles prohibited in the wilderness, including game carts and mountain bikes.","Dufur, OR",No,Vault Toilet ,https://www.fs.usda.gov/recarea/mthood/recreation/camping-cabins/recarea/?recid=52828&actid=29,NA,NA,NA,NA,NA,NA,NA,vault,no
Lower Eightmile Crossing Campground,45.41361,-121.44371,3800,3,NA,NA,"Camping: $12/night for single site, $8/night for extra vehicle
	Day use: $5/day/vehicle","May 15, 2018 - October 15, 2018",Light,Vehicles 16 ft. max.,"Dufur, OR",No,Vault Toilet ,https://www.fs.usda.gov/recarea/mthood/recreation/camping-cabins/recarea/?recid=52832&actid=29,"Camping: 50% discount for single site camping with any of these passes: Interagency Senior, Interagency Access, Golden Age or Golden Access.
	Day use: Recreation passes may be used as a form of fee payment.",Concessionaire,NA,NA,NA,NA,NA,vault,no
McCubbins Gulch Campground,45.11671,-121.4938,3e3,15,"Open for the season, no services are provided - you must pack in/pack out",No reservations,"Camping: $12/night for single site, $8/night for extra vehicle
	Day use: $5/day/vehicle","May 18, 2018 - Sep 09, 2018",Heavy,Vehicles 25 ft. max.,"Maupin, OR",No,Vault Toilet ,https://www.fs.usda.gov/recarea/mthood/recreation/camping-cabins/recarea/?recid=52834&actid=29,"Camping: 50% discount for single site camping with any of these passes: Interagency Senior, Interagency Access, Golden Age or Golden Access.
	Day use: Recreation passes may be used as a form of fee payment.",Concessionaire,NA,NA,NA,NA,NA,vault,no
McCubbins Overflow Campground,45.119,-121.4986,3e3,4,Open to camping but no services are provided - you must pack in/pack out,No reservations,"Camping: $11/night for single site, $8/night for extra vehicle
	Day use: $5/day/vehicle",05/20,Light,Vehicles 25 ft. max. Do not tresspass onto tribal land.,"Maupin, OR",No,Yes,https://www.fs.usda.gov/recarea/mthood/recreation/camping-cabins/recarea/?recid=53562&actid=29,"Camping: 50% discount for single site camping with any of these passes: Interagency Senior, Interagency Access, Golden Age or Golden Access.
	Day use: Recreation passes may be used as a form of fee payment.",Forest Service,NA,A permit from the Warm Springs Tribal Offices is required to fish in tribal waters.,NA,NA,NA,yes,no
Pebble Ford Campground,45.40024,-121.46362,4200,3,NA,No reservations,"Camping: $12/night for single site, $8/night for extra vehicle
	Day use: $5/day/vehicle","May 15, 2018 - Oct. 15, 2018",Light,Vehicles 16 ft. max.,"Dufur, OR",No,Vault Toilet ,https://www.fs.usda.gov/recarea/mthood/recreation/camping-cabins/recarea/?recid=52838&actid=29,"Camping: 50% discount for single site camping with any of these passes: Interagency Senior, Interagency Access, Golden Age or Golden Access.
	Day use: No passes honored.",Concessionaire,NA,NA,NA,NA,NA,vault,no
Rock Creek Reservoir Campground,45.21705,-121.38473,2200,33,"Open for the season, no services are provided - you must pack in/pack out.",Call 877-444-6777 or go to Recreation.gov to make reservations,"Camping: $21-22/night for single site, $8/night for extra vehicle
	Day use: $5/day/vehicle","April 13, 2018 - September 09, 2018",Heavy,Vehicles 35 ft. max. Only electric trolling motors allowed.,"Wamic, OR",Potable Water,Vault Toilet,https://www.fs.usda.gov/recarea/mthood/recreation/camping-cabins/recarea/?recid=52842&actid=29,"Camping: 50% discount for single site camping with any of these passes: Interagency Senior, Interagency Access, Golden Age or Golden Access.
	Day use: Recreation passes may be used as a form of fee payment.",Concessionaire,NA,NA,NA,NA,NA,vault,potable water
Spring Drive RV Campground,NA,NA,NA,NA,NA,This site can be reserved by calling Toll Free 1-877-444-6777 (International 518-885-3639 or TDD 877-833-6777) or on-line at http://www.recreation.gov,8 sites available/$29.00 per site,"April 06, 2018 - Sep 30, 2018",Light,NA,"Maupin, OR",NA,NA,https://www.fs.usda.gov/recarea/mthood/recreation/camping-cabins/recarea/?recid=80483&actid=29,NA,Concessionaire,NA,NA,NA,NA,NA,NA,NA
White River Station Campground,45.19984,-121.60107000000001,3e3,5,NA,No reservations,"Camping: $14/night for single site, $8/night for extra vehicle
	Day use: $5/day/vehicle","May 15, 2018",Light,Vehicles 32 ft. max. See Oregon regulations for specific restrictions on fishing the White River.,"Wamic, OR",No,Vault Toilet ,https://www.fs.usda.gov/recarea/mthood/recreation/camping-cabins/recarea/?recid=52844&actid=29,"Camping: 50% discount for single site camping with any of these passes: Interagency Senior, Interagency Access, Golden Age or Golden Access.
	Day use: Recreation passes may be used as a form of fee payment.",Concessionaire,NA,NA,NA,NA,NA,vault,no
Armstrong Campground,45.162761,-122.152211,900,NA,Open with services,Reservations must be made at least 4 days in advance. To reserve a site call Reserve America at 1-877-444-6777 or through the Internet at www.recreation.gov.,"Camping: $19/night for single site, $8/night for extra vehicle
	Day use: $5/day/vehicle",April  - Sept.30/18,Medium-Heavy,Vehicles 16 ft max. See Oregon fishing regulations for specific regulations governing fishing in the Clackamas. No all-terrain or off-highway vehicles allowed in campground. Pets must be leashed at all times. Quiet hours are between 10:00 PM and 6:00 AM.  Maximum 6 people per site. Fires must be contained within provided fire circles. Campsite must be occupied the first night. Vehicles must be parked on the spur.,"Estacada, OR",Bring your own drinking water,Vault Toilet,https://www.fs.usda.gov/recarea/mthood/recreation/camping-cabins/recarea/?recid=52878&actid=29,"Camping: 50% discount for single site camping with any of these passes: Interagency Senior, Interagency Access, Golden Age or Golden Access.
	Day use: Recreation passes may be used as a form of fee payment.",Concessionaire,"20% of campground sites are held for ""first come first serve.""",Not required,NA,NA,NA,vault,bring your own drinking water
Bagby Campground,44.954175,-122.168917,NA,NA,06/11/2017: trail clear,"All sites are first come, first served.","Camping:

	$17/night for single site, $8/night for extra vehicle
		 
	
	Day use: $5/day/vehicle per person","Year 'round, 2018 - 4/06",Medium-Heavy,NA,NA,Please bring your own drinking water.,Vault toilets,https://www.fs.usda.gov/recarea/mthood/recreation/camping-cabins/recarea/?recid=79271&actid=29,"Camping: 50% discount for single site camping with any of these passes: Interagency Senior, Interagency Access, Golden Age or Golden Access.
	Day use: Wrist bands can be purchased at the Ripplbrook Store or can be purchased on site",Concessionaire,NA,NA,"Open 24 hours a day, 7 days a week during open season. Closes on  September 7 each season.","Tent camping,Picnic tables,Toilets,Parking",NA,vault,please bring your own drinking water.
Breitenbush Lake Campground,44.7678,-121.7825,5200,20,NA,NA,No Fee,NA,Light,Pack out all garbage. Motorized boats are prohibited.,"Detroit, OR",bring your own drinking water,Vault Toilet ,https://www.fs.usda.gov/recarea/mthood/recreation/camping-cabins/recarea/?recid=52888&actid=29,NA,Warm Springs Reservation,Warm Springs Natural Resources  541-55.-2001  ext 1236 Theresa Vanpelt.,NA,NA,NA,NA,vault,bring your own drinking water
Camp Ten (Olallie Lake) Campground,44.80312,-121.78957,5e3,10,NA,First come first served.  pack in/ pack out,"Camping: 

$15/night for single site
	$20/night for premium site
	$5/night for extra vehicle",June 19th 2016 - Nov. 6th,Medium-Heavy,Vehicles 16 ft. max.   (Single regular) $15 extra Vehicle $5   (water front)$20  extra Vehicle $5,"Detroit, OR",Bring your own drinking water.,Vault Toilet ,https://www.fs.usda.gov/recarea/mthood/recreation/camping-cabins/recarea/?recid=52898&actid=29,"Camping: 50% discount for single site camping with any of these passes: Interagency Senior, Interagency Acces, Golden Age or Golden Access.",Concessionaire,NA,NA,NA,NA,NA,vault,bring your own drinking water.
Carter Bridge Campground,45.16821,-122.15728,900,15,NA,Reservations must be made at least 4 days in advance. To reserve a site call Reserve America at 1-877-444-6777 or through the internet at www.recreation.gov.,"Camping: $17/night for single site, $8/night for extra vehicle
	Day use: $5/day/vehicle",May - Sept. 03/18,Medium-Heavy,Vehicles 28 ft. max.,"Estacada, OR",bring your own drinking water,Vault Toilet ,https://www.fs.usda.gov/recarea/mthood/recreation/camping-cabins/recarea/?recid=52858&actid=29,"Camping: 50% discount for single site camping with any of these passes: Interagency Senior, Interagency Access, Golden Age or Golden Access.
	Day use: Recreation passes may be used as a form of fee payment.",Concessionaire,NA,NA,NA,NA,NA,vault,bring your own drinking water
Fish Creek Campground/Day Use,45.158889,-122.151669,900,24,NA,Reservations must be made at least 4 days in advance. To reserve a site call Reserve America at 1-877-444-6777 or through the internet at www.recreation.gov (International 518-885-3639 or TDD 877-833-6777.),"Camping: $21/night for single site, $8/night for extra vehicle
	Day use: $5/day/vehicle


Pay at trailhead with cash or check only between May - October.",May - Sept.09/18,Medium-Heavy,Vehicles 16 ft. max. See Oregon fishing regulations for specific regulations governing fishing in the Clackamas.,"Estacada, OR",Bring your own drinking water.,Vault Toilet,https://www.fs.usda.gov/recarea/mthood/recreation/camping-cabins/recarea/?recid=52924&actid=29,"Camping: 50% discount for single site camping with any of these passes: Interagency Senior, Interagency Access, Golden Age or Golden Access.
	Day use: Recreation passes may be used as a form of fee payment.",Concessionaire,Clackamas River Ranger District 503-630-6861,NA,NA,NA,NA,vault,bring your own drinking water.
Hideaway Lake Campground,45.123431,-121.967281,4500,9,NA,NA,"Camping: $19/night for single site, $8/night for extra vehicle
	Day use: $5/day/vehicle",June  - Sept.,Medium,Vehicles 16 ft. max.      11/05/15 - be prepared for winter traviel  it has a couple of inches of snow in the area.,NA,Bring your own drinking water.,No,https://www.fs.usda.gov/recarea/mthood/recreation/camping-cabins/recarea/?recid=52938&actid=29,"Camping: 50% discount for single site camping with any of these passes: Interagency Senior, Interagency Access, Golden Age or Golden Access.
	Day use: Recreation passes may be used as a form of fee payment.",Concessaire,NA,NA,NA,Toilets,NA,no,bring your own drinking water.
Horseshoe Lake Campground,44.779819,-121.785381,5200,6,""" Primitive road - Not suitable for PASSENGER CARS""","www.Olallie Lake Resort, LLC","Camping: 

$15/night for single site
	$20/night for premium site
	$5/night for extra vehicle",June  2016,Light,"Vehicles 16 ft. max. Mechanized vehicles prohibited in the wilderness, including mountain bikes and game carts.","Estacada, OR",bring your own drinking water,Vault Toilet ,https://www.fs.usda.gov/recarea/mthood/recreation/camping-cabins/recarea/?recid=52944&actid=29,"Camping: 50% discount for single site camping with any of these passes: Interagency Senior, Interagency Acces, Golden Age or Golden Access.",Concessionaire,NA,NA,NA,NA,NA,vault,bring your own drinking water
Indian Henry Campground,45.108561,-122.0759,1250,86,"Section "" C""  and some on section ""B""   2017.","Reservations must be made at least 4 days in advance. To reserve a site call Reserve America at 1-877-444-6777 or through the internet at www.recreation.gov (International 518-885-3639 or TDD 877-833-6777). Only ""C"" and ""B"" sections are open.","Camping: $22/night for single site, $8/night for extra vehicle
	Day use: $5/day/vehicle",May - Sept. 09/18,Heavy,Vehicles 36 ft. max.,"Estacada, OR",Potable Water,Vault Toilet,https://www.fs.usda.gov/recarea/mthood/recreation/camping-cabins/recarea/?recid=52950&actid=29,"Camping: 50% discount for single site camping with any of these passes: Interagency Senior, Interagency Access, Golden Age or Golden Access.
	Day use: Recreation passes may be used as a form of fee payment.",Concessionaire,NA,NA,NA,NA,NA,vault,potable water
Kingfisher Campground,44.977069,-122.092611,1250,23,NA,This site can be reserved by calling Toll Free 1-877-444-6777 (International 518-885-3639 or TDD 877-833-6777) or online at www.recreation.gov.,"Camping:

	$22/night for single site, $8/night for extra vehicle
		$44/night for double site
	
	Day use: $5/day/vehicle",May - Sept. 09/18,Light,Vehicles 36 ft. max.,"Estacada, OR",Drinking water,Vault Toilet,https://www.fs.usda.gov/recarea/mthood/recreation/camping-cabins/recarea/?recid=52954&actid=29,"Camping: 50% discount for single site camping with any of these passes: Interagency Senior, Interagency Access, Golden Age or Golden Access.
	Day use: Recreation passes may be used as a form of fee payment.",Concessionaire,NA,NA,NA,NA,NA,vault,drinking water
Lake Harriet Campground/Day Use,45.073611,-121.956944,2e3,11,NA,"This site can be reserved by calling Toll Free 1-877-444-6777 (International 518-885-3639 or TDD 877-833-6777). Questions: call PGE Parks, 503-464-8515","Camping: $16/night for single unit, $8/extra vehicle
	Day use: $5/day/vehicle (Concession Operated Forest Service Day Use Site with a Fee)",May 2016,Heavy,Vehicles 30 ft. max,"Estacada, OR",Potable Water,Vault Toilet,https://www.fs.usda.gov/recarea/mthood/recreation/camping-cabins/recarea/?recid=52956&actid=29,"Camping: 50% discount for single site camping with any of these passes: Interagency Senior, Interagency Access, Golden Age or Golden Access.
	Day use: Northwest Forest Pass may be used as a form of fee payment.",Concessionaire,PGE  - Portland General Electric Parks 503-464-8515.,NA,NA,NA,NA,vault,potable water
Lazy Bend Campground,45.190369,-122.207589,800,21,NA,This site can be reserved by calling Toll Free 1-877-444-6777 (International 518-885-3639 or TDD 877-833-6777).,"Camping: $22/night for single site, $8/night for extra vehicle
	Day use: $5/day/vehicle",April - Oct. 07/18,Medium-Heavy,Vehicles 24 ft. max.,"Estacada, OR",Potable Water,Flush Toilet,https://www.fs.usda.gov/recarea/mthood/recreation/camping-cabins/recarea/?recid=52958&actid=29,"Camping: 50% discount for single site camping with any of these passes: Interagency Senior, Interagency Access, Golden Age or Golden Access.
	Day use: Recreation passes may be used as a form of fee payment.",Concessionaire,NA,NA,NA,NA,NA,flush,potable water
Lockaby Campground,45.163481,-122.151919,900,30,NA,This site can be reserved by calling Toll Free 1-877-444-6777 (International 518-885-3639 or TDD 877-833-6777).,"Camping: $22/night for single site, $8/night for extra vehicle
	Day use: $5/day/vehicle",May - Sept. 09/18,Light,Vehicles 16 ft. max.,"Estacada, OR",Bring your own drinking water,Vault Toilet,https://www.fs.usda.gov/recarea/mthood/recreation/camping-cabins/recarea/?recid=52962&actid=29,"Camping: 50% discount for single site camping with any of these passes: Interagency Senior, Interagency Access, Golden Age or Golden Access.
	Day use: Recreation passes may be used as a form of fee payment.",Concessionaire,NA,NA,NA,NA,NA,vault,bring your own drinking water
Lower Lake Campground,44.823142,-121.796392,4600,8,NA,NA,"Camping: 

$15/night for single site
	$20/night for premium site
	$5/night for extra vehicle",June 2016,Light,Vehicles 16 ft. max.,"Estacada, OR",bring your own drinking water,No,https://www.fs.usda.gov/recarea/mthood/recreation/camping-cabins/recarea/?recid=52966&actid=29,"Camping: 50% discount for single site camping with any of these passes: Interagency Senior, Interagency Acces, Golden Age or Golden Access.",Concessionaire,NA,NA,NA,NA,NA,no,bring your own drinking water
Olallie Meadow Campground,44.8602,-121.7729,4500,7,NA,NA,"Camping: 

$15/night for single site
	$20/night for premium site
	$5/night for extra vehicle",June,Medium,NA,"Estacada, OR",bring your own water to drink,No,https://www.fs.usda.gov/recarea/mthood/recreation/camping-cabins/recarea/?recid=52982&actid=29,"Camping: 50% discount for single site camping with any of these passes: Interagency Senior, Interagency Acces, Golden Age or Golden Access.",Concessionaire,"WWW.OlallieLakeResort, LLC",NA,NA,NA,NA,no,bring your own water to drink
Paul Dennis (Olallie Lake) Campground,44.812161,-121.78715,5e3,17,NA,"First come, first serve basis","Camping: 

$15/night for single site
	$20/night for premium site
	$5/night for extra vehicle",June 2016,Medium-Heavy,Vehicles 16 ft. max.,"Estacada, OR",No,Vault Toilet ,https://www.fs.usda.gov/recarea/mthood/recreation/camping-cabins/recarea/?recid=52990&actid=29,"Camping: 50% discount for single site camping with any of these passes: Interagency Senior, Interagency Acces, Golden Age or Golden Access.",Concessionaire,NA,NA,NA,NA,NA,vault,no
Peninsula (Olallie Lake) Campground,44.800381,-121.785639,4941,35,NA,First come first service,"Camping: 

$15/night for single site
	$20/night for premium site
	$40/night for group site
	$5/night for extra vehicle",NA,Medium-Heavy,NA,"Detroit, OR",Bring your own drinking water.,Vault Toilet ,https://www.fs.usda.gov/recarea/mthood/recreation/camping-cabins/recarea/?recid=52994&actid=29,"Camping: 50% discount for single site camping with any of these passes: Interagency Senior, Interagency Acces, Golden Age or Golden Access.",Concessionaire,NA,NA,NA,NA,NA,vault,bring your own drinking water.
Raab Campground,45.024994444444445,-122.06715833333332,1500,26,NA,This site can be reserved by calling  1-877-444-6777 (International 518-885-3639 or TDD 877-833-6777). This is a group site only.,"Camping: $55-$76/night for group sites, $8/night for extra vehicle",May - Sept. 16/18,Medium,Vehicles 24 ft. max.,"Estacada, OR",Bring your own drinking water,Vault Toilet,https://www.fs.usda.gov/recarea/mthood/recreation/camping-cabins/recarea/?recid=53000&actid=29,No passes honored.,Concessionaire,NA,NA,NA,NA,NA,vault,bring your own drinking water
Rainbow Campground,45.078831,-122.04325,1400,17,Closed - Road work begins 5/23/18 and will continue for most of summer.,This site can be reserved by calling Toll Free 1-877-444-6777 (International 518-885-3639 or TDD 877-833-6777),"Camping: $19/night for single site, $8/night for extra vehicle
	Day use: $5/day/vehicle",Jun - Sept.19/18,Light,Vehicles 24 ft. max.,"Estacada, OR",Bring your own drinking water,Vault Toilet,https://www.fs.usda.gov/recarea/mthood/recreation/camping-cabins/recarea/?recid=53002&actid=29,"Camping: 50% discount for single site camping with any of these passes: Interagency Senior, Interagency Access, Golden Age or Golden Access.
	Day use: Recreation passes may be used as a form of fee payment.",Concessionaire,NA,NA,NA,NA,NA,vault,bring your own drinking water
Ripplebrook Campground,45.0801,-122.042531,1500,13,NA,This site can be reserved by calling Toll Free 1-877-444-6777 (International 518-885-3639 or TDD 877-833-6777).,"Camping: $19/night for single site, $8/night for extra vehicle
	Day use: $5/day/vehicle",April - Spet. 30/18,Light,Vehicles 16 ft. max.,"Estacada, OR",Bring your own drinking water,Vault Toilet,https://www.fs.usda.gov/recarea/mthood/recreation/camping-cabins/recarea/?recid=53010&actid=29,"Camping: 50% discount for single site camping with any of these passes: Interagency Senior, Interagency Access, Golden Age or Golden Access.
	Day use: Recreation passes may be used as a form of fee payment.",Concessionaire,NA,NA,NA,NA,NA,vault,bring your own drinking water
Riverford Campground,45.032661,-122.058231,1500,10,NA,NA,"Camping: $19/night for single site, $8/night for extra vehicle
	Day use: $5/day/vehicle",May 19th  2017,Light,Vehicles 16 ft. max.,"Estacada, OR",Bring your own drinking water,Vault Toilet ,https://www.fs.usda.gov/recarea/mthood/recreation/camping-cabins/recarea/?recid=53012&actid=29,"Camping: 50% discount for single site camping with any of these passes: Interagency Senior, Interagency Access, Golden Age or Golden Access.
	Day use: Recreation passes may be used as a form of fee payment.",Concessionaire,NA,NA,NA,NA,NA,vault,bring your own drinking water
Riverside Campground,45.04305,-122.061711,1400,16,"Reservation season will be closing in September ""No Services""",This site can be reserved by calling Toll Free 1-877-444-6777 (International 518-885-3639 or TDD 877-833-6777).,"Camping: $19/night for single site, $8/night for extra vehicle
	Day use: $5/day/vehicle",May - Sept. 09/18,Medium,Vehicles 24 ft. max.,"Estacada, OR",Bring your own drinking water,Vault Toilet,https://www.fs.usda.gov/recarea/mthood/recreation/camping-cabins/recarea/?recid=53014&actid=29,"Camping: 50% discount for single site camping with any of these passes: Interagency Senior, Interagency Access, Golden Age or Golden Access.
	Day use: Recreation passes may be used as a form of fee payment.",Concessionaire,maintenance 4/15/17,NA,NA,NA,NA,vault,bring your own drinking water
Roaring River Campground,45.157181,-122.114169,1e3,14,"Reservation season will be closing in September. ""No Services""",This site can be reserved by calling Toll Free 1-877-444-6777 (International 518-885-3639 or TDD 877-833-6777).,"Camping: $19/night for single site, $8/night for extra vehicle
	Day use: $5/day/vehicle",May - Sept. 09/18,Medium,Vehicles 16 ft. max.,"Estacada, OR",Potable Water,Vault Toilet,https://www.fs.usda.gov/recarea/mthood/recreation/camping-cabins/recarea/?recid=53018&actid=29,"Camping: 50% discount for single site camping with any of these passes: Interagency Senior, Interagency Access, Golden Age or Golden Access.
	Day use: Recreation passes may be used as a form of fee payment.",Concessionaire,NA,NA,NA,NA,NA,vault,potable water
Shellrock Creek Campground,45.0843,-121.921261,2200,8,NA,NA,"Camping: $19/night for single site, $8/night for extra vehicle
	Day use: $5/day/vehicle",Jun - Sept. 03/18,Light,Vehicles 16 ft. max.,"Estacada, OR",No,No,https://www.fs.usda.gov/recarea/mthood/recreation/camping-cabins/recarea/?recid=53034&actid=29,"Camping: 50% discount for single site camping with any of these passes: Interagency Senior, Interagency Access, Golden Age or Golden Access.
	Day use: Recreation passes may be used as a form of fee payment.",Concessionaire,NA,NA,NA,NA,NA,no,no
Sunstrip Campground,45.1523,-122.106042,1e3,9,"No Reservation needed, still open with services.",This site can be reserved by calling Toll Free 1-877-444-6777 (International 518-885-3639 or TDD 877-833-6777),"Camping: $22/night for single site, $8/ night for extra vehicle.
	Day use: $5/day/vehicle",April - Sept. 09/18,Light-Medium,Vehicles 18 ft. max.,"Estacada, OR",No,Vault Toilet,https://www.fs.usda.gov/recarea/mthood/recreation/camping-cabins/recarea/?recid=53040&actid=29,"Camping: 50% discount for single site camping with any of these passes: Interagency Senior, Interagency Access, Golden Age or Golden Access.
	Day use: Recreation passes may be used as a form of fee payment.",Concessionaire,NA,NA,NA,NA,NA,vault,no
Barlow Creek Campground,45.236,-121.62765,3100,3,Closed for the season- blowdown. No services are provided - you must pack in/pack out,NA,"Camping: $12/night for single site, $8/night for extra vehicle
	Day use: $5/day/vehicle","25 May, 2018 - 03 Sept, 2018",Light,NA,"Government Camp, OR",No,Vault Toilet ,https://www.fs.usda.gov/recarea/mthood/recreation/camping-cabins/recarea/?recid=53134&actid=29,"Camping: 50% discount for single site camping with any of these passes: Interagency Senior, Interagency Access, Golden Age or Golden Access.
	Day use: Recreation passes may be used as a form of fee payment.",Concessionaire,NA,NA,NA,NA,NA,vault,no
Barlow Crossing Campground,45.21788,-121.61291,3600,6,,NA,"Camping: $12/night for single site, $8/night for extra vehicle
	Day use: $5/day/vehicle","18 May, 2018 - 03 Sept. 2018",Light,NA,"Government Camp, OR",No,Vault Toilet ,https://www.fs.usda.gov/recarea/mthood/recreation/camping-cabins/recarea/?recid=53136&actid=29,"Camping: 50% discount for single site camping with any of these passes: Interagency Senior, Interagency Access, Golden Age or Golden Access.
	Day use: Recreation passes may be used as a form of fee payment.",Concessionaire,NA,NA,NA,NA,NA,vault,no
Black Lake Campground,45.6149,-121.759,3740,3,"High clearence vehicle is required due to poor road conditions.
Will open June 15 for 2018 season.",NA,"Camping: $15/night for single site, $8/night for extra vehicle
	Day use: $5/day/vehicle",June 15 - Oct. 10,Light,NA,"Hood River, OR",No,No,https://www.fs.usda.gov/recarea/mthood/recreation/camping-cabins/recarea/?recid=53150&actid=29,"Camping: 50% discount for single site camping with any of these passes: Interagency Senior, Interagency Access, Golden Age or Golden Access.
	Day use: Recreation passes may be used as a form of fee payment.",Forest Service,"Hood River Ranger District,  (541) 352-6002",NA,NA,NA,NA,no,no
Clear Lake Campground,45.17945,-121.69675,3600,28,NA,This site can be reserved by calling Toll Free 1-877-444-6777 or on-line at http://www.recreation.gov,"Camping:

	$22/night for single site, $8/night for extra vehicle
		$15/night for overflow site
	
	Day use: $5/day/vehicle","18 May, 2018 - 30 Sep. 2018",Heavy,Vehicles 32 ft. max.,"Government Camp, OR",Potable Water,Vault Toilet,https://www.fs.usda.gov/recarea/mthood/recreation/camping-cabins/recarea/?recid=53058&actid=29,"Camping: 50% discount for single site camping with any of these passes: Interagency Senior, Interagency Access, Golden Age or Golden Access.
	Day use: Recreation passes may be used as a form of fee payment.",Concessionaire,NA,NA,NA,NA,NA,vault,potable water
Cloud Cap Saddle Campground,45.40247,-121.65505,5900,3,Cloud Cap Road and Campground are closed.,NA,"Camping: $15/night for single site, $8/night for extra vehicle
	Day use (including Cloud Cap-Tilly Jane North trailhead adjacent to Cloud Cap Saddle Campground): $5/day/vehicle",June,Light,NA,"Hood River, OR",Potable Water,Vault Toilet ,https://www.fs.usda.gov/recarea/mthood/recreation/camping-cabins/recarea/?recid=53164&actid=29,"Camping: 50% discount for single site camping with any of these passes: Interagency Senior, Interagency Acces, Golden Age or Golden Access.
	Day Use: Recreation passes may be used as a form of fee payment.",Concessionaire,Hood River Ranger District- Hood River Ranger Station,NA,NA,NA,NA,vault,potable water
Frog Lake Campground,45.22338,-121.69407,3800,33,"Closed for the season- 12"" of snow over the road. No services are provided - you must pack in/pack out",This site can be reserved by calling Toll Free 1-877-444-6777 (International 518-885-3639 or TDD 877-833-6777) or on-line at www.recreation.gov.,"Camping: $22/night for single site, $8/night for extra vehicle
	Day use: $5/day/vehicle","18 May, 2018 - 23 Sep. 2018",Light,Vehicles 22 ft. max.,"Government Camp, OR",Potable Water,Vault Toilet,https://www.fs.usda.gov/recarea/mthood/recreation/camping-cabins/recarea/?recid=53102&actid=29,"Camping: 50% discount for single site camping with any of these passes: Interagency Senior, Interagency Access, Golden Age or Golden Access.
	Day use: Recreation passes may be used as a form of fee payment.",Concessionaire,NA,NA,NA,NA,NA,vault,potable water
Grindstone Campground,45.24702,-121.65646,3400,3,NA,NA,No Fee,NA,Light,NA,"Maupin, OR",No,Vault Toilet ,https://www.fs.usda.gov/recarea/mthood/recreation/camping-cabins/recarea/?recid=53200&actid=29,NA,Forest Service,NA,NA,NA,NA,NA,vault,no
Kinnikinnick (Laurance Lake) Campground,45.45748,-121.66343,3e3,NA,NA,This site can be reserved by calling Toll Free 1-877-444-6777 or on-line at http://www.recreation.gov,"Camping: $16/night for single site, $8/night for extra vehicle
	Day use: $5/day/vehicle",May,Light,NA,"Hood River, OR",No,Vault Toilet ,https://www.fs.usda.gov/recarea/mthood/recreation/camping-cabins/recarea/?recid=53214&actid=29,"Camping: 50% discount for single site camping with any of these passes: Interagency Senior, Interagency Access, Golden Age or Golden Access.
	Day use: No passes honored.",Concessionaire,NA,NA,NA,NA,NA,vault,no
"Lost Lake Campground, Resort and Day Use Area",45.5008,-121.81641,3200,NA,NA,Reservations can be made by visiting Recreation.gov.  Reservations must be made 4 days ahead of arrival and can be made up to 6 months in advance for the standard sites and 12 months in advance for the group sites.,Fees range from $27 - 32 for standard sites. The group sites range from $45 - 55 per night.,Early May,Light,Vehicles 32 ft. max.,"Hood River, OR",Drinking Water,Vault Toilet ,https://www.fs.usda.gov/recarea/mthood/recreation/camping-cabins/recarea/?recid=53228&actid=29,"Camping: 50% discount for single site camping with any of these passes: Interagency Senior, Interagency Access, Golden Age or Golden Access. Day use: Only Lost Lake Annual Pass honored.",Concessionaire,"Lodge and cabin reservations can be made at lostlakeresort.org. This campground has a minimum three night stay on weekends and holidays. Motors are not allowed on the lake. Caution: Bears have frequented the area; be aware, keep a clean camp, store all food items in closed containers. There is an entrance fee of $8 per vehicle. First-come, first-served sites are available.",NA,NA,NA,NA,vault,drinking water
Nottingham Campground,45.3671,-121.5677,3300,23,NA,This site can be reserved by calling Toll Free 1-877-444-6777 or on-line at http://www.recreation.gov,"Camping: $15/night for single site, $8/night for extra vehicle
	Day use: $5/day/vehicle",05/05/2018 - 10/15/2018,Light,Vehicles 32 ft. max.,"Hood River, OR",No,No,https://www.fs.usda.gov/recarea/mthood/recreation/camping-cabins/recarea/?recid=53256&actid=29,"Camping: 50% discount for single site camping with any of these passes: Interagency Senior, Interagency Access, Golden Age or Golden Access.
	Day use: No passes honored.",Concessionaire,NA,NA,NA,Toilets,NA,no,no
Rainy Lake Campground,45.626,-121.75883,4100,NA,NA,NA,"Camping: $15/night for single site, $8/night for extra vehicle
	Day use: $5/day/vehicle",JUN 15 2018 - OCT 10 2018,Light,NA,"Hood River, OR",No,Vault Toilet ,https://www.fs.usda.gov/recarea/mthood/recreation/camping-cabins/recarea/?recid=53280&actid=29,"Camping: 50% discount for single site camping with any of these passes: Interagency Senior, Interagency Access, Golden Age or Golden Access.
	Day use: No passes honored.",Concessionaire,NA,NA,NA,NA,NA,vault,no
Sherwood Campground,45.39481,-121.57034,3e3,NA,NA,This site can be reserved by calling Toll Free 1-877-444-6777 or on-line at http://www.recreation.gov,"Camping: $15/night for single site, $8/night for extra vehicle
	Day use: $5/day/vehicle",05/05/2018 - 10/15/2018,Light,Vehicles 16 ft. max.,"Hood River, OR",No,Vault Toilet ,https://www.fs.usda.gov/recarea/mthood/recreation/camping-cabins/recarea/?recid=53294&actid=29,"Camping: 50% discount for single site camping with any of these passes: Interagency Senior, Interagency Access, Golden Age or Golden Access.
	Day use: No passes honored.",Concessionaire,NA,NA,NA,NA,NA,vault,no
Tilly Jane Campground,45.39997,-121.64772,5e3,NA,Cloud Cap Road is CLOSED. Tilly Jane campground can also be accessed via the Tilly Jane hiking trail. Tilly Jane campground is CLOSED,NA,"Camping: $15/night for single unit, $8/night for extra vehicle
	Trailhead day use fee: $5/vehicle/day from May 15th to October 1st.",June,Light,Wilderness restrictions apply within Mt. Hood Wilderness.,"Hood River, OR",No,Vault Toilet ,https://www.fs.usda.gov/recarea/mthood/recreation/camping-cabins/recarea/?recid=53310&actid=29,"Camping: 50% discount for single site camping with any of these passes: Interagency Senior, Interagency Access, Golden Age or Golden Access.
	Day use: No passes honored.",Concessionaire,Hood River Ranger District,"Wilderness permits are required. Permits are free and self-issued at the Climbers' Registration box on the Tilly Jane Trail. This trail heads towards Timberline Trail. Hike out of the campground past the guard station over Tilly Jane creek past the ampitheater. Follow the trail signs, the permit box is just up the trail a few yards.",NA,NA,Summer,vault,no
Wahtum Lake Campground,45.57731,-121.79247,3900,5,Closed until further notice due to Eagle Creek Fire.,NA,"Camping: $15/night for single site, $8/night for extra vehicle
	Day use: $5/day/vehicle","JUN 01, 2018 - OCT 10, 2018",Heavy,NA,"Hood River, OR",No,Vault Toilet,https://www.fs.usda.gov/recarea/mthood/recreation/camping-cabins/recarea/?recid=53322&actid=29,"Camping: 50% discount for single site camping with any of these passes: Interagency Senior, Interagency Access, Golden Age or Golden Access.
	Day use: Recreation passes may be used as a form of fee payment.",Forest Service,NA,NA,NA,NA,NA,vault,no
Alpine Campground,45.320261,-121.705472,5400,16,Opens for the 2018 season on June 1.,"This campground is first-come, first-served and does not take reservations.","Camping:

	$21/night for single site, $8/night for extra vehicle
		$2/night additional charge on all holidays and holiday weekends
	
	Day use: $5/day/vehicle",06/01/2018,Light,Vehicles 16 ft. max.,"Government Camp, OR",Potable Water,No,https://www.fs.usda.gov/recarea/mthood/recreation/camping-cabins/recarea/?recid=53338&actid=29,"Camping: 50% discount for single site camping with any of these passes: Interagency Senior, Interagency Access, Golden Age or Golden Access.
	Day use: Recreation passes may be used as a form of fee payment.",Concessionaire,NA,NA,NA,NA,NA,no,potable water
Camp Creek Campground,45.305236,-121.867275,2200,22,NA,"This site can be reserved by calling Toll Free 1-877-444-6777 (International 518-885-3639 or TDD 877-833-6777) or on-line at www.recreation.gov. 

Reservations available Memorial Day through Labor Day.
	First-come/first-serve camping before and after those dates.","Camping:

	$19/night for single site
		$21/night for premium site
		$42/night for double site
		$8/night for extra vehicle
		$2/night additional charge on all holidays and holiday weekends
	
	Day use: $5/day/vehicle",05/25/2018,Light,Vehicles 22 ft. max.,"Rhododendron, OR",Potable Water,Vault Toilet,https://www.fs.usda.gov/recarea/mthood/recreation/camping-cabins/recarea/?recid=53346&actid=29,"Camping: 50% discount for single site camping with any of these passes: Interagency Senior, Interagency Access, Golden Age or Golden Access.
	Day use: Recreation passes may be used as a form of fee payment.",Concessionaire,NA,NA,NA,NA,NA,vault,potable water
Clackamas Lake Campground,45.09489,-121.74944,3400,46,NA,"There are 11 equestrian sites.  Equestrian sites have 2,3,or 4 horse corrals and are reservable by only those with horses. This site can be reserved by calling Toll Free 1-877-444-6777 (International 518-885-3639 or TDD 877-833-6777) or on-line at http://www.recreation.gov/","Camping:

	$21/night for single site, $8/night for extra vehicle
		$2/night additional charge on all holidays and holiday weekends
	
	Day use: $5/day/vehicle",05/25/2018,Light,Vehicles 32 ft. max.,"Government Camp, OR",Potable Water,Vault Toilet,https://www.fs.usda.gov/recarea/mthood/recreation/camping-cabins/recarea/?recid=53354&actid=29,"Camping: 50% discount for single site camping with any of these passes: Interagency Senior, Interagency Acces, Golden Age or Golden Access.
	Day Use: Recreation passes may be used as a form of fee payment.",Concessionaire,NA,NA,NA,NA,NA,vault,potable water
Gone Creek (Timothy Lake) Campground,45.110728,-121.774281,3200,50,Closed.,This site can be reserved by calling Toll Free 1-877-444-6777 (International 518-885-3639 or TDD 877-833-6777) or on-line at http://www.recreation.gov/,"Camping: $20/night for single site, $8/night for extra vehicle
	Day use: $5/day/vehicle",NA,Heavy,Vehicles 32 ft. max. 10 mph speed limit for motorized boats in the lake.,"Government Camp, OR",Potable Water,Vault Toilet,https://www.fs.usda.gov/recarea/mthood/recreation/camping-cabins/recarea/?recid=53108&actid=29,"Camping: 50% discount for single site camping with any of these passes: Interagency Senior, Interagency Acces, Golden Age or Golden Access.
	Day use: Northwest Forest Pass may be used as a form of fee payment.",Concessionaire,NA,Sno-Park passes are required in the winter. They are $3/ day; $7/ 3-day or $15/ season and are available from DMV or FS offices and from local sporting goods stores.,NA,NA,NA,vault,potable water
Green Canyon Campground,45.282583,-121.942011,1600,15,NA,"This campground is first-come, first-served, and does not take reservations.","Camping:

	$21/night for single site, $8/night for extra vehicle
		$2/night additional charge on all holidays and holiday weekends
	
	Day use: $5/day/vehicle",05/25/2018,Heavy,Vehicles 22 ft. max. See Oregon fishing regulations for specific regulations governing fishing in the Salmon River.,"Welches, OR",No,Vault Toilet ,https://www.fs.usda.gov/recarea/mthood/recreation/camping-cabins/recarea/?recid=53386&actid=29,"Camping: 50% discount for single site camping with any of these passes: Interagency Senior, Interagency Acces, Golden Age or Golden Access.
	Day use: Recreation passes may be used as a form of fee payment.",Concessionaire,NA,NA,NA,NA,NA,vault,no
Hoodview (Timothy Lake) Campground,45.106636,-121.783603,3200,43,Closed.,Hoodview campground is available by reservation only. If spots are available people can still camp but they will be limited by the number of nights they can stay if a reservation is coming in. This site can be reserved by calling Toll Free 1-877-444-6777 (International 518-885-3639 or TDD 877-833-6777) or on-line at http://www.recreation.gov/,"Camping: $20/night for single site, $8/night for extra vehicle
	Day use: $5/day/vehicle",NA,Heavy,Vehicles 32 ft. max. 10 mph speed limit for motorized boats in the lake.,"Government Camp, OR",Potable Water,Vault Toilet,https://www.fs.usda.gov/recarea/mthood/recreation/camping-cabins/recarea/?recid=53392&actid=29,"Camping: 50% discount for single site camping with any of these passes: Interagency Senior, Interagency Acces, Golden Age or Golden Access.
	Day use: Northwest Forest Pass may be used as a form of fee payment.",Concessionaire,NA,"Sno-Park passes are required to park in the winter. Passes are $3/day, $7/ 3-day, and $15/ season and are available from DMV or Forest Service offices and from local sporting goods stores.",NA,NA,NA,vault,potable water
Little Crater Lake Campground,45.149028,-121.743014,2600,16,NA,This site can be reserved by calling Toll Free 1-877-444-6777 (International 518-885-3639 or TDD 877-833-6777) or on-line at http://www.recreation.gov/,"Camping:

	$21/night for single site, $8/night for extra vehicle
		$2/night additional charge on all holidays and holiday weekends
	
	Day use: $5/day/vehicle",05/25/2018 - 09/09/2018,Light,Vehicles 22 ft. max.,"Government Camp, OR",Potable Water,Vault Toilet,https://www.fs.usda.gov/recarea/mthood/recreation/camping-cabins/recarea/?recid=53410&actid=29,"Camping: 50% discount for single site camping with any of these passes: Interagency Senior, Interagency Acces, Golden Age or Golden Access.
	Day use: Recreation passes may be used as a form of fee payment.",Concessionaire,NA,NA,NA,NA,NA,vault,potable water
Lost Creek Campground/Day Use,45.381958,-121.836025,2600,16,NA,This site can be reserved by calling Toll Free 1-877-444-6777 (International 518-885-3639 or TDD 877-833-6777) or on-line at http://www.recreation.gov/,"Camping:

	$21/night for single unit,
		$35/night for Yome (go to www.redskyshelters.com for a picture and more info),
		$8/extra vehicle
		$2 per night extra charge on all holidays and holiday weekends.
	
	Day Use: $5/day/vehicle: Concession Operated Forest Service Day Use Site with Fee.",05/25/2018 - 09/09/2018,Light,Vehicles 22 ft. max. See Oregon fishing regulations for specific regulations governing fishing in the Sandy River.,"Welches, OR",Potable Water,Vault Toilet,https://www.fs.usda.gov/recarea/mthood/recreation/camping-cabins/recarea/?recid=53418&actid=29,"Camping: 50% discount for single site camping with any of these passes: Interagency Senior, Interagency Acces, Golden Age or Golden Access.
	Day use: Recreation passes may be used as a form of fee payment.",Concessionaire,NA,NA,NA,NA,NA,vault,potable water
McNeil Campground,45.383489,-121.867778,2040,34,NA,NA,"Camping:

	$17/night for single site, $8/night for extra vehicle
		$2/night additional charge on all holidays and holiday weekends
	
	Day use: $5/day/vehicle",05/25/2018 - 09/09/2018,Light,Vehicles 22 ft. max. See Oregon fishing regulations for specific regulations governing fishing in the Salmon River.,"Welches, OR",No,Vault Toilet ,https://www.fs.usda.gov/recarea/mthood/recreation/camping-cabins/recarea/?recid=53424&actid=29,"Camping: 50% discount for single site camping with any of these passes: Interagency Senior, Interagency Acces, Golden Age or Golden Access.
	Day use: Recreation passes may be used as a form of fee payment.",Concessionaire,NA,NA,NA,NA,NA,vault,no
Meditation Point (Timothy Lake) Campground,45.127236,-121.793114,3200,4,NA,No Reservations,"Camping: $5/night for single site
	Day use: $5/day/vehicle",May - Sept.,Light-Medium,10 mph speed limit for motorized boats on the lake.,"Government Camp, OR",No,yes,https://www.fs.usda.gov/recarea/mthood/recreation/camping-cabins/recarea/?recid=53426&actid=29,Recreation Passes may be used as a form of fee payment.,Concessionaire,"Not sure on the categories, but this campground has become popular with all sites being occupled every weekend and fairly full through the week.",NA,NA,NA,NA,yes,no
North Arm (Timothy Lake) Campground,45.147769,-121.772228,3200,8,NA,This site can be reserved by calling Toll Free 1-877-444-6777 (International 518-885-3639 or TDD 877-833-6777) or on-line at http://www.recreation.gov/,"Camping: $20/night for standard non-electric single site (vehicle), $16/night for hike-in non-electric
	Day use: $5/day/vehicle",May - Sept.,Heavy,Vehicles 16 ft. max. 10 mph speed limit for motorized boats on the lake.,"Government Camp, OR",Potable water,Vault Toilet ,https://www.fs.usda.gov/recarea/mthood/recreation/camping-cabins/recarea/?recid=53436&actid=29,"Camping: 50% discount for single site camping with any of these passes: Interagency Senior, Interagency Acces, Golden Age or Golden Access.
	Day use: Northwest Forest Pass may be used as a form of fee payment.",Concessionaire,NA,NA,NA,NA,NA,vault,potable water
Oak Fork (Timothy Lake) Campground,45.111372,-121.769917,3200,47,NA,"This site can be reserved by calling Toll Free 1-877-444-6777 (International 518-885-3639 or TDD 877-833-6777) or online at http://www.recreation.gov/. This campground will be closed for part of the 2017 season for a renovation project, but will reopen on June 30, 2017.","Camping: $20/night for single site, $8/night for extra vehicle
	Day use: $5/day/vehicle",June - Sept.,Heavy,Vehicles 32 ft. max. 10 mph speed limit for motorized boats on the lake.,"Government Camp, OR",Potable Water,Vault Toilet,https://www.fs.usda.gov/recarea/mthood/recreation/camping-cabins/recarea/?recid=53438&actid=29,"Camping: 50% discount for single site camping with any of these passes: Interagency Senior, Interagency Acces, Golden Age or Golden Access.
	Day use: Northwest Forest Pass may be used as a form of fee payment.",Concessionaire,NA,NA,NA,NA,NA,vault,potable water
Pine Point Campground,45.112986,-121.801772,3200,13,NA,Pine Point Campground are available by reservation only. If spots are available people can still camp but they will be limited by the number of nights they can stay if a reservation is coming in.This site can be reserved by calling Toll Free 1-877-444-6777 (International 518-885-3639 or TDD 877-833-6777) or on-line at http://www.recreation.gov/,"Camping:

	$20/night for single site
		$40/night for double site
		$60/night for group site (25 people/4 vehicles)
		$8/night for extra vehicle
		$2/night additional charge on all holidays and holiday weekends
		$120/night for Pine Point Group Campsites (36 people/site)
	
	Day use: $5/day/vehicle",05/22/2015 - 10/01/2017,Heavy,Vehicles 32 ft. max. 10 mph speed limit for motorized boats on the lake.,"Government Camp, OR",Potable Water,Vault Toilet,https://www.fs.usda.gov/recarea/mthood/recreation/camping-cabins/recarea/?recid=53450&actid=29,"Camping: 50% discount for single site camping with any of these passes: Interagency Senior, Interagency Acces, Golden Age or Golden Access.
	Day use: Northwest Forest Pass may be used as a form of fee payment.",Concessionaire,NA,NA,NA,NA,NA,vault,potable water
Riley Horse Campground,45.382794,-121.861625,2100,14,NA,This site can be reserved by calling Toll Free 1-877-444-6777 (International 518-885-3639 or TDD 877-833-6777) or on-line by clicking here.,"Camping:

	$19/night for single site, $8/night for extra vehicle
		$2/night additional charge on all holidays and holiday weekends
	
	Day Use: $5/day/vehicle",05/25/2018 - 09/09/2018,Light,NA,"Welches, OR",No,Vault Toilet,https://www.fs.usda.gov/recarea/mthood/recreation/camping-cabins/recarea/?recid=53464&actid=29,"Camping: 50% discount for single site camping with any of these passes: Interagency Senior, Interagency Acces, Golden Age or Golden Access.
	Day use: Recreation passes may be used as a form of fee payment.",Concessionaire,Zigzag Ranger District- Zigzag Ranger Station,NA,NA,NA,NA,vault,no
Still Creek Campground,45.300506,-121.735089,3600,27,NA,This site can be reserved by calling Toll Free 1-877-444-6777 (International 518-885-3639 or TDD 877-833-6777) or on-line at http://www.recreation.gov/,"Camping:

	$22/night for single site, $8/night for extra vehicle
		$2/night additional charge on all holidays and holiday weekends
	
	Day use: $5/day/vehicle",05/25/2018 - 09/09/2018,Light,Vehicles 16 ft. max.,"Government Camp, OR",Potable Water,Vault Toilet,https://www.fs.usda.gov/recarea/mthood/recreation/camping-cabins/recarea/?recid=53492&actid=29,"Camping: 50% discount for single site camping with any of these passes: Interagency Senior, Interagency Acces, Golden Age or Golden Access.
	Day use: Recreation passes may be used as a form of fee payment.",Concessionaire,NA,NA,NA,NA,NA,vault,potable water
Summit Lake Campground,45.032669,-121.790747,4200,8,NA,NA,"Camping:

	$17/night for single site, $8/night for extra vehicle
		$2/night additional charge on all holidays and holiday weekends
	
	Day use: $5/day/vehicle",06/01/2018 - 09/03/2018,Light,Vehicles 16 ft. max.,"Government Camp, OR",No,Vault Toilet ,https://www.fs.usda.gov/recarea/mthood/recreation/camping-cabins/recarea/?recid=53498&actid=29,"Camping: 50% discount for single site camping with any of these passes: Interagency Senior, Interagency Acces, Golden Age or Golden Access.
	Day use: Recreation passes may be used as a form of fee payment.",Concessionaire,NA,NA,NA,NA,NA,vault,no
Tollgate Campground/Day-Use,45.322172,-121.905483,1700,15,NA,This site can be reserved by calling Toll Free 1-877-444-6777 (International 518-885-3639 or TDD 877-833-6777) or on-line at http://www.recreation.gov/,"Camping:

	$22/night for single unit
		$42/night for group site
		$8/extra vehicle.
		$2/night additional charge on all holidays and holidy weekends
	
	Day Use Fee: $5/day/vehicle",05/18/2018 - 09/30/2018,Light,Vehicles 16 ft. max.,"Welches, OR",Potable Water,Vault Toilet ,https://www.fs.usda.gov/recarea/mthood/recreation/camping-cabins/recarea/?recid=53512&actid=29,"Camping: 50% discount for single site camping with any of these passes: Interagency Senior, Interagency Acces, Golden Age or Golden Access.
	Day use: Recreation passes may be used as a form of fee payment.",Concessionaire,NA,NA,NA,NA,NA,vault,potable water
Trillium Lake Campground and Day Use Area,45.270656,-121.734486,3600,52,NA,Reservations can be made by visiting Recreation.gov.  Reservations must be made 2 days ahead of arrival and can be made up to 6 months in advance for standard sites and 12 months in advance for group sites.,Fees range from approximately $22-45 for standard sites and $65-90 for group sites. Day use of area is $5/day/vehicle.,05/18/2018 - 09/30/2018,Heavy,Vehicles 40 ft. max.,"Government Camp, OR",Drinking Water,Vault Toilet,https://www.fs.usda.gov/recarea/mthood/recreation/camping-cabins/recarea/?recid=53634&actid=29,"Camping: 50% discount for single site camping with any of these passes: Interagency Senior, Interagency Acces, Golden Age or Golden Access.
	Day use: Recreation passes may be used as a form of fee payment.
	Winter use: Sno-Park Pass is required.",NA,"In accordance with standard industry practices, Mount Hood Recreation will be assessing a $8 additional vehicle fee on the second vehicle in each single family campsite, and on the third and fourth vehicle in any double family campsite, provided these vehicles are not joined to the first vehicle by a hitch and towed onto the site. In the case of motorcycles, the first two are considered as one vehicle for determining additional vehicle fees. The third and fourth motorcycle would also be considered as one vehicle. No additional vehicle fees are collected for bicycles Utility hookups are not available Off-road vehicle use is prohibited within the campground",NA,NA,NA,NA,vault,drinking water
Badger Lake Campground,45.30496,-121.55537,4400,4,11/15/2017: CLOSED. Expect snow on the road and in the campground.,No reservations,Free,June,Light,Wilderness regulations apply. Motorized boats are prohibited in Badger Lake.,"Wamic, OR",No,Vault Toilet ,https://www.fs.usda.gov/alerts/mthood/alerts-notices/?aid=46185 ,NA,NA,NA,NA,NA,NA,NA,vault,no
